video_id,title,description,channel_id,channel_title,published_at,view_count,like_count,comment_count,engagement_rate,subscriber_count,is_trending,duration,tags,hashtags,sentiment_score,sample_comment,collected_at,collection_method
45a7480bbd8,Neutrogena Skincare Routine #1 - Dermatologist Approved,My neutrogena routine that cleared my skin! #skincare #neutrogena #neutrogena,channel_1299,BeautyRoutineDaily,2025-10-21T08:18:08.020245,239804,11884,326,5.09,495709,True,PT45S,neutrogena|skincare|beauty|neutrogena,skincare|neutrogena|neutrogena|beauty,0.8,This is my holy grail product now,2025-10-25T08:18:08.020262,mock
517c59404f5,Neutrogena Skincare Routine #2 - Dermatologist Approved,My neutrogena routine that cleared my skin! #skincare #neutrogena #neutrogena,channel_2593,ClearSkinJourney,2025-09-05T08:18:08.020273,212949,13607,533,6.64,493702,True,PT45S,neutrogena|skincare|beauty|neutrogena,skincare|neutrogena|neutrogena|beauty,0.5,This is my holy grail product now,2025-10-25T08:18:08.020282,mock
da15c418590,Neutrogena Skincare Routine #3 - Dermatologist Approved,My neutrogena routine that cleared my skin! #skincare #neutrogena #neutrogena,channel_5631,GlowingSkinTips,2025-10-17T08:18:08.020290,226946,12366,402,5.63,40792,True,PT45S,neutrogena|skincare|beauty|neutrogena,skincare|neutrogena|neutrogena|beauty,0.2,How long did it take to see results?,2025-10-25T08:18:08.020295,mock
9975ce8b2bc,Neutrogena Skincare Routine #4 - Dermatologist Approved,My neutrogena routine that cleared my skin! #skincare #neutrogena #neutrogena,channel_7981,GlowingSkinTips,2025-08-21T08:18:08.020302,116912,5083,504,4.78,235630,True,PT45S,neutrogena|skincare|beauty|neutrogena,skincare|neutrogena|neutrogena|beauty,0.2,How long did it take to see results?,2025-10-25T08:18:08.020306,mock
a646c5bc35f,Neutrogena Skincare Routine #5 - Dermatologist Approved,My neutrogena routine that cleared my skin! #skincare #neutrogena #neutrogena,channel_5798,BeautyRoutineDaily,2025-08-03T08:18:08.020311,112334,8552,401,7.97,380102,True,PT45S,neutrogena|skincare|beauty|neutrogena,skincare|neutrogena|neutrogena|beauty,0.6,Love this! The price point is amazing too,2025-10-25T08:18:08.020315,mock
5b13b55327a,Neutrogena Skincare Routine #6 - Dermatologist Approved,My neutrogena routine that cleared my skin! #skincare #neutrogena #neutrogena,channel_5671,GlowingSkinTips,2025-09-07T08:18:08.020320,211346,6461,365,3.23,10888,True,PT45S,neutrogena|skincare|beauty|neutrogena,skincare|neutrogena|neutrogena|beauty,0.4,My dermatologist recommended this and it works!,2025-10-25T08:18:08.020323,mock
55461f991f0,Neutrogena Skincare Routine #7 - Dermatologist Approved,My neutrogena routine that cleared my skin! #skincare #neutrogena #neutrogena,channel_7121,SkincareByCassandra,2025-09-22T08:18:08.020328,107114,7209,118,6.84,138945,True,PT45S,neutrogena|skincare|beauty|neutrogena,skincare|neutrogena|neutrogena|beauty,0.6,Been using this for 2 weeks and already seeing results,2025-10-25T08:18:08.020332,mock
d91c6bcef6b,Neutrogena Skincare Routine #8 - Dermatologist Approved,My neutrogena routine that cleared my skin! #skincare #neutrogena #neutrogena,channel_8857,BeautyRoutineDaily,2025-09-29T08:18:08.020343,199825,10063,680,5.38,287783,True,PT45S,neutrogena|skincare|beauty|neutrogena,skincare|neutrogena|neutrogena|beauty,0.5,This product changed my skin! So glad I tried it,2025-10-25T08:18:08.020350,mock
6e165f881fc,Neutrogena Skincare Routine #9 - Dermatologist Approved,My neutrogena routine that cleared my skin! #skincare #neutrogena #neutrogena,channel_9394,BeautyRoutineDaily,2025-09-16T08:18:08.020358,108592,4376,187,4.2,419865,True,PT45S,neutrogena|skincare|beauty|neutrogena,skincare|neutrogena|neutrogena|beauty,0.5,Where can I buy this?,2025-10-25T08:18:08.020362,mock
56be341b4dd,Neutrogena Skincare Routine #10 - Dermatologist Approved,My neutrogena routine that cleared my skin! #skincare #neutrogena #neutrogena,channel_8985,DermatologyExperts,2025-10-11T08:18:08.020367,225240,9398,765,4.51,495531,True,PT45S,neutrogena|skincare|beauty|neutrogena,skincare|neutrogena|neutrogena|beauty,0.8,Been using this for 2 weeks and already seeing results,2025-10-25T08:18:08.020371,mock
6ad334ff995,Neutrogena Skincare Routine #11 - Dermatologist Approved,My neutrogena routine that cleared my skin! #skincare #neutrogena #neutrogena,channel_4293,ClearSkinJourney,2025-08-04T08:18:08.020376,116885,5878,577,5.52,486374,True,PT45S,neutrogena|skincare|beauty|neutrogena,skincare|neutrogena|neutrogena|beauty,0.4,My dermatologist recommended this and it works!,2025-10-25T08:18:08.020379,mock
1175d2e8cd8,Neutrogena Skincare Routine #12 - Dermatologist Approved,My neutrogena routine that cleared my skin! #skincare #neutrogena #neutrogena,channel_6914,BeautyRoutineDaily,2025-09-14T08:18:08.020383,248527,11698,528,4.92,170071,True,PT45S,neutrogena|skincare|beauty|neutrogena,skincare|neutrogena|neutrogena|beauty,0.4,Been using this for 2 weeks and already seeing results,2025-10-25T08:18:08.020387,mock
b704b3e4acd,Neutrogena Skincare Routine #13 - Dermatologist Approved,My neutrogena routine that cleared my skin! #skincare #neutrogena #neutrogena,channel_7860,DermatologyExperts,2025-09-23T08:18:08.020391,109946,5196,284,4.98,160803,True,PT45S,neutrogena|skincare|beauty|neutrogena,skincare|neutrogena|neutrogena|beauty,0.5,My dermatologist recommended this and it works!,2025-10-25T08:18:08.020394,mock
b8862226949,Neutrogena Skincare Routine #14 - Dermatologist Approved,My neutrogena routine that cleared my skin! #skincare #neutrogena #neutrogena,channel_9776,BeautyRoutineDaily,2025-08-08T08:18:08.020398,224739,9065,556,4.28,306667,True,PT45S,neutrogena|skincare|beauty|neutrogena,skincare|neutrogena|neutrogena|beauty,0.3,How long did it take to see results?,2025-10-25T08:18:08.020401,mock
a3664268d17,Neutrogena Skincare Routine #15 - Dermatologist Approved,My neutrogena routine that cleared my skin! #skincare #neutrogena #neutrogena,channel_9683,GlowingSkinTips,2025-10-18T08:18:08.020406,205126,10860,397,5.49,99375,True,PT45S,neutrogena|skincare|beauty|neutrogena,skincare|neutrogena|neutrogena|beauty,0.1,How long did it take to see results?,2025-10-25T08:18:08.020409,mock
ecb940b920c,Neutrogena Skincare Routine #16 - Dermatologist Approved,My neutrogena routine that cleared my skin! #skincare #neutrogena #neutrogena,channel_8702,ClearSkinJourney,2025-08-10T08:18:08.020416,202780,13895,329,7.01,436972,True,PT45S,neutrogena|skincare|beauty|neutrogena,skincare|neutrogena|neutrogena|beauty,0.2,My dermatologist recommended this and it works!,2025-10-25T08:18:08.020419,mock
9ce0aa97ab8,Neutrogena Skincare Routine #17 - Dermatologist Approved,My neutrogena routine that cleared my skin! #skincare #neutrogena #neutrogena,channel_1043,ClearSkinJourney,2025-09-08T08:18:08.020424,117079,4939,391,4.55,394384,True,PT45S,neutrogena|skincare|beauty|neutrogena,skincare|neutrogena|neutrogena|beauty,0.3,Finally found something that works for my sensitive skin,2025-10-25T08:18:08.020426,mock
a3e1eef1614,Neutrogena Skincare Routine #18 - Dermatologist Approved,My neutrogena routine that cleared my skin! #skincare #neutrogena #neutrogena,channel_4991,ClearSkinJourney,2025-10-01T08:18:08.020431,109776,4077,529,4.2,260588,True,PT45S,neutrogena|skincare|beauty|neutrogena,skincare|neutrogena|neutrogena|beauty,0.3,Tried this after seeing your video - game changer!,2025-10-25T08:18:08.020433,mock
d5b704f3871,Neutrogena Skincare Routine #19 - Dermatologist Approved,My neutrogena routine that cleared my skin! #skincare #neutrogena #neutrogena,channel_9027,SkincareByCassandra,2025-10-01T08:18:08.020438,163252,8811,294,5.58,228559,True,PT45S,neutrogena|skincare|beauty|neutrogena,skincare|neutrogena|neutrogena|beauty,0.2,Tried this after seeing your video - game changer!,2025-10-25T08:18:08.020441,mock
6eaba7298c0,Neutrogena Skincare Routine #20 - Dermatologist Approved,My neutrogena routine that cleared my skin! #skincare #neutrogena #neutrogena,channel_9059,BeautyRoutineDaily,2025-10-08T08:18:08.020445,160921,11766,659,7.72,296423,True,PT45S,neutrogena|skincare|beauty|neutrogena,skincare|neutrogena|neutrogena|beauty,0.4,How long did it take to see results?,2025-10-25T08:18:08.020448,mock
841611e42ad,Neutrogena Skincare Routine #21 - Dermatologist Approved,My neutrogena routine that cleared my skin! #skincare #neutrogena #neutrogena,channel_5293,BeautyRoutineDaily,2025-10-02T08:18:08.020452,244190,15085,744,6.48,173174,True,PT45S,neutrogena|skincare|beauty|neutrogena,skincare|neutrogena|neutrogena|beauty,0.6,Finally found something that works for my sensitive skin,2025-10-25T08:18:08.020455,mock
259a10061c1,Neutrogena Skincare Routine #22 - Dermatologist Approved,My neutrogena routine that cleared my skin! #skincare #neutrogena #neutrogena,channel_2600,SkincareByCassandra,2025-09-19T08:18:08.020459,147887,9541,598,6.86,144928,True,PT45S,neutrogena|skincare|beauty|neutrogena,skincare|neutrogena|neutrogena|beauty,0.2,Been using this for 2 weeks and already seeing results,2025-10-25T08:18:08.020462,mock
f27d0de84d0,Neutrogena Skincare Routine #23 - Dermatologist Approved,My neutrogena routine that cleared my skin! #skincare #neutrogena #neutrogena,channel_9565,BeautyRoutineDaily,2025-09-18T08:18:08.020467,151855,6144,450,4.34,343601,True,PT45S,neutrogena|skincare|beauty|neutrogena,skincare|neutrogena|neutrogena|beauty,0.5,Where can I buy this?,2025-10-25T08:18:08.020470,mock
f4e25a857d9,Neutrogena Skincare Routine #24 - Dermatologist Approved,My neutrogena routine that cleared my skin! #skincare #neutrogena #neutrogena,channel_9392,DermatologyExperts,2025-09-17T08:18:08.020474,143823,6671,207,4.78,244973,True,PT45S,neutrogena|skincare|beauty|neutrogena,skincare|neutrogena|neutrogena|beauty,0.6,Where can I buy this?,2025-10-25T08:18:08.020477,mock
8419a289b72,Neutrogena Skincare Routine #25 - Dermatologist Approved,My neutrogena routine that cleared my skin! #skincare #neutrogena #neutrogena,channel_3973,GlowingSkinTips,2025-09-14T08:18:08.020481,172027,6287,249,3.8,229574,True,PT45S,neutrogena|skincare|beauty|neutrogena,skincare|neutrogena|neutrogena|beauty,0.4,My dermatologist recommended this and it works!,2025-10-25T08:18:08.020484,mock
854cc088877,Neutrogena Skincare Skincare Routine #1 - Dermatologist Approved,My neutrogena skincare routine that cleared my skin! #skincare #neutrogenaskincare #neutrogena,channel_3456,DermatologyExperts,2025-07-29T08:18:08.020495,91678,3643,319,4.32,122521,True,PT45S,neutrogena skincare|skincare|beauty|neutrogena,skincare|neutrogenaskincare|neutrogena|beauty,0.3,Love this! The price point is amazing too,2025-10-25T08:18:08.020504,mock
50caf38d37d,Neutrogena Skincare Skincare Routine #2 - Dermatologist Approved,My neutrogena skincare routine that cleared my skin! #skincare #neutrogenaskincare #neutrogena,channel_7386,GlowingSkinTips,2025-08-30T08:18:08.020509,188268,13561,855,7.66,167525,True,PT45S,neutrogena skincare|skincare|beauty|neutrogena,skincare|neutrogenaskincare|neutrogena|beauty,0.4,This is my holy grail product now,2025-10-25T08:18:08.020512,mock
a84a345512b,Neutrogena Skincare Skincare Routine #3 - Dermatologist Approved,My neutrogena skincare routine that cleared my skin! #skincare #neutrogenaskincare #neutrogena,channel_3012,DermatologyExperts,2025-08-16T08:18:08.020516,173996,9226,375,5.52,275584,True,PT45S,neutrogena skincare|skincare|beauty|neutrogena,skincare|neutrogenaskincare|neutrogena|beauty,0.7,Finally found something that works for my sensitive skin,2025-10-25T08:18:08.020519,mock
0e4fa750b6b,Neutrogena Skincare Skincare Routine #4 - Dermatologist Approved,My neutrogena skincare routine that cleared my skin! #skincare #neutrogenaskincare #neutrogena,channel_5179,SkincareByCassandra,2025-09-27T08:18:08.020523,187851,9790,735,5.6,163686,True,PT45S,neutrogena skincare|skincare|beauty|neutrogena,skincare|neutrogenaskincare|neutrogena|beauty,0.5,This product changed my skin! So glad I tried it,2025-10-25T08:18:08.020527,mock
5a3750ee802,Neutrogena Skincare Skincare Routine #5 - Dermatologist Approved,My neutrogena skincare routine that cleared my skin! #skincare #neutrogenaskincare #neutrogena,channel_2519,GlowingSkinTips,2025-08-07T08:18:08.020531,172285,13096,729,8.02,408246,True,PT45S,neutrogena skincare|skincare|beauty|neutrogena,skincare|neutrogenaskincare|neutrogena|beauty,0.3,Been using this for 2 weeks and already seeing results,2025-10-25T08:18:08.020534,mock
1f0b6b82d53,Neutrogena Skincare Skincare Routine #6 - Dermatologist Approved,My neutrogena skincare routine that cleared my skin! #skincare #neutrogenaskincare #neutrogena,channel_2961,ClearSkinJourney,2025-10-23T08:18:08.020538,93447,5358,425,6.19,55084,True,PT45S,neutrogena skincare|skincare|beauty|neutrogena,skincare|neutrogenaskincare|neutrogena|beauty,0.4,This product changed my skin! So glad I tried it,2025-10-25T08:18:08.020541,mock
a37625745da,Neutrogena Skincare Skincare Routine #7 - Dermatologist Approved,My neutrogena skincare routine that cleared my skin! #skincare #neutrogenaskincare #neutrogena,channel_6957,ClearSkinJourney,2025-10-21T08:18:08.020545,94137,3205,211,3.63,494459,True,PT45S,neutrogena skincare|skincare|beauty|neutrogena,skincare|neutrogenaskincare|neutrogena|beauty,0.6,Love this! The price point is amazing too,2025-10-25T08:18:08.020548,mock
09326b37b38,Neutrogena Skincare Skincare Routine #8 - Dermatologist Approved,My neutrogena skincare routine that cleared my skin! #skincare #neutrogenaskincare #neutrogena,channel_4281,ClearSkinJourney,2025-09-08T08:18:08.020553,112784,6357,412,6.0,122877,True,PT45S,neutrogena skincare|skincare|beauty|neutrogena,skincare|neutrogenaskincare|neutrogena|beauty,0.2,Tried this after seeing your video - game changer!,2025-10-25T08:18:08.020556,mock
49e59b5a169,Neutrogena Skincare Skincare Routine #9 - Dermatologist Approved,My neutrogena skincare routine that cleared my skin! #skincare #neutrogenaskincare #neutrogena,channel_5313,DermatologyExperts,2025-08-29T08:18:08.020561,179473,9705,488,5.68,358395,True,PT45S,neutrogena skincare|skincare|beauty|neutrogena,skincare|neutrogenaskincare|neutrogena|beauty,0.2,Tried this after seeing your video - game changer!,2025-10-25T08:18:08.020564,mock
26c973a1386,Neutrogena Skincare Skincare Routine #10 - Dermatologist Approved,My neutrogena skincare routine that cleared my skin! #skincare #neutrogenaskincare #neutrogena,channel_4646,BeautyRoutineDaily,2025-08-06T08:18:08.020568,193346,8817,703,4.92,174946,True,PT45S,neutrogena skincare|skincare|beauty|neutrogena,skincare|neutrogenaskincare|neutrogena|beauty,0.5,Where can I buy this?,2025-10-25T08:18:08.020571,mock
3d905739184,Neutrogena Skincare Skincare Routine #11 - Dermatologist Approved,My neutrogena skincare routine that cleared my skin! #skincare #neutrogenaskincare #neutrogena,channel_7466,DermatologyExperts,2025-08-10T08:18:08.020575,115501,3999,432,3.84,197566,True,PT45S,neutrogena skincare|skincare|beauty|neutrogena,skincare|neutrogenaskincare|neutrogena|beauty,0.6,My dermatologist recommended this and it works!,2025-10-25T08:18:08.020578,mock
d8ed69660f1,Neutrogena Skincare Skincare Routine #12 - Dermatologist Approved,My neutrogena skincare routine that cleared my skin! #skincare #neutrogenaskincare #neutrogena,channel_4400,GlowingSkinTips,2025-08-19T08:18:08.020585,108192,3472,479,3.65,179676,True,PT45S,neutrogena skincare|skincare|beauty|neutrogena,skincare|neutrogenaskincare|neutrogena|beauty,0.3,Where can I buy this?,2025-10-25T08:18:08.020588,mock
7bd554d04d7,Neutrogena Skincare Skincare Routine #13 - Dermatologist Approved,My neutrogena skincare routine that cleared my skin! #skincare #neutrogenaskincare #neutrogena,channel_2504,DermatologyExperts,2025-09-09T08:18:08.020592,101413,3844,188,3.98,241109,True,PT45S,neutrogena skincare|skincare|beauty|neutrogena,skincare|neutrogenaskincare|neutrogena|beauty,0.6,This is my holy grail product now,2025-10-25T08:18:08.020595,mock
af1a4cc0386,Neutrogena Skincare Skincare Routine #14 - Dermatologist Approved,My neutrogena skincare routine that cleared my skin! #skincare #neutrogenaskincare #neutrogena,channel_6115,GlowingSkinTips,2025-09-08T08:18:08.020600,162610,7175,656,4.82,318249,True,PT45S,neutrogena skincare|skincare|beauty|neutrogena,skincare|neutrogenaskincare|neutrogena|beauty,0.3,Been using this for 2 weeks and already seeing results,2025-10-25T08:18:08.020603,mock
8671fa151c6,Neutrogena Skincare Skincare Routine #15 - Dermatologist Approved,My neutrogena skincare routine that cleared my skin! #skincare #neutrogenaskincare #neutrogena,channel_2958,GlowingSkinTips,2025-10-04T08:18:08.020607,169139,6642,342,4.13,345867,True,PT45S,neutrogena skincare|skincare|beauty|neutrogena,skincare|neutrogenaskincare|neutrogena|beauty,0.2,Where can I buy this?,2025-10-25T08:18:08.020610,mock
b3faed80d04,Neutrogena Skincare Skincare Routine #16 - Dermatologist Approved,My neutrogena skincare routine that cleared my skin! #skincare #neutrogenaskincare #neutrogena,channel_1596,SkincareByCassandra,2025-10-21T08:18:08.020614,55806,2196,146,4.2,389403,True,PT45S,neutrogena skincare|skincare|beauty|neutrogena,skincare|neutrogenaskincare|neutrogena|beauty,0.2,Tried this after seeing your video - game changer!,2025-10-25T08:18:08.020617,mock
71e1fb6307e,Neutrogena Skincare Skincare Routine #17 - Dermatologist Approved,My neutrogena skincare routine that cleared my skin! #skincare #neutrogenaskincare #neutrogena,channel_9727,SkincareByCassandra,2025-09-23T08:18:08.020621,88493,3574,353,4.44,479341,True,PT45S,neutrogena skincare|skincare|beauty|neutrogena,skincare|neutrogenaskincare|neutrogena|beauty,0.2,Been using this for 2 weeks and already seeing results,2025-10-25T08:18:08.020624,mock
c5cee7b1cf2,Neutrogena Skincare Skincare Routine #18 - Dermatologist Approved,My neutrogena skincare routine that cleared my skin! #skincare #neutrogenaskincare #neutrogena,channel_5132,DermatologyExperts,2025-09-02T08:18:08.020628,147873,8874,490,6.33,271173,True,PT45S,neutrogena skincare|skincare|beauty|neutrogena,skincare|neutrogenaskincare|neutrogena|beauty,0.4,Been using this for 2 weeks and already seeing results,2025-10-25T08:18:08.020632,mock
1ed01f28e4d,Neutrogena Skincare Skincare Routine #19 - Dermatologist Approved,My neutrogena skincare routine that cleared my skin! #skincare #neutrogenaskincare #neutrogena,channel_5873,BeautyRoutineDaily,2025-10-13T08:18:08.020636,82575,4023,217,5.13,81984,True,PT45S,neutrogena skincare|skincare|beauty|neutrogena,skincare|neutrogenaskincare|neutrogena|beauty,0.4,This is my holy grail product now,2025-10-25T08:18:08.020639,mock
0a10fbdaeef,Neutrogena Skincare Skincare Routine #20 - Dermatologist Approved,My neutrogena skincare routine that cleared my skin! #skincare #neutrogenaskincare #neutrogena,channel_1247,DermatologyExperts,2025-07-28T08:18:08.020645,57344,3857,227,7.12,149746,True,PT45S,neutrogena skincare|skincare|beauty|neutrogena,skincare|neutrogenaskincare|neutrogena|beauty,0.2,Finally found something that works for my sensitive skin,2025-10-25T08:18:08.020649,mock
d3318178425,Neutrogena Skincare Skincare Routine #21 - Dermatologist Approved,My neutrogena skincare routine that cleared my skin! #skincare #neutrogenaskincare #neutrogena,channel_8348,ClearSkinJourney,2025-10-21T08:18:08.020654,152924,6078,500,4.3,84870,True,PT45S,neutrogena skincare|skincare|beauty|neutrogena,skincare|neutrogenaskincare|neutrogena|beauty,0.1,Where can I buy this?,2025-10-25T08:18:08.020657,mock
2dc669c9f8f,Neutrogena Skincare Skincare Routine #22 - Dermatologist Approved,My neutrogena skincare routine that cleared my skin! #skincare #neutrogenaskincare #neutrogena,channel_3381,GlowingSkinTips,2025-08-13T08:18:08.020661,124304,9824,415,8.24,429318,True,PT45S,neutrogena skincare|skincare|beauty|neutrogena,skincare|neutrogenaskincare|neutrogena|beauty,0.5,Finally found something that works for my sensitive skin,2025-10-25T08:18:08.020664,mock
ce196a8c4de,Neutrogena Skincare Skincare Routine #23 - Dermatologist Approved,My neutrogena skincare routine that cleared my skin! #skincare #neutrogenaskincare #neutrogena,channel_7724,SkincareByCassandra,2025-09-23T08:18:08.020668,115063,4050,119,3.62,422375,True,PT45S,neutrogena skincare|skincare|beauty|neutrogena,skincare|neutrogenaskincare|neutrogena|beauty,0.0,Been using this for 2 weeks and already seeing results,2025-10-25T08:18:08.020671,mock
8d26a89fe3a,Neutrogena Skincare Skincare Routine #24 - Dermatologist Approved,My neutrogena skincare routine that cleared my skin! #skincare #neutrogenaskincare #neutrogena,channel_3149,BeautyRoutineDaily,2025-08-30T08:18:08.020676,178549,12375,775,7.36,245511,True,PT45S,neutrogena skincare|skincare|beauty|neutrogena,skincare|neutrogenaskincare|neutrogena|beauty,0.3,Where can I buy this?,2025-10-25T08:18:08.020679,mock
885ed1eb25d,Neutrogena Skincare Skincare Routine #25 - Dermatologist Approved,My neutrogena skincare routine that cleared my skin! #skincare #neutrogenaskincare #neutrogena,channel_3094,GlowingSkinTips,2025-09-23T08:18:08.020683,195273,8354,399,4.48,203908,True,PT45S,neutrogena skincare|skincare|beauty|neutrogena,skincare|neutrogenaskincare|neutrogena|beauty,0.5,Love this! The price point is amazing too,2025-10-25T08:18:08.020686,mock
3200404c422,Hydro Boost Skincare Routine #1 - Dermatologist Approved,My hydro boost routine that cleared my skin! #skincare #hydroboost #neutrogena,channel_4857,SkincareByCassandra,2025-08-17T08:18:08.020696,205311,8664,755,4.59,400496,True,PT45S,hydro boost|skincare|beauty|neutrogena,skincare|hydroboost|neutrogena|beauty,0.4,How long did it take to see results?,2025-10-25T08:18:08.020700,mock
e60b89ca3c7,Hydro Boost Skincare Routine #2 - Dermatologist Approved,My hydro boost routine that cleared my skin! #skincare #hydroboost #neutrogena,channel_5458,BeautyRoutineDaily,2025-08-04T08:18:08.020704,209047,10024,802,5.18,465904,True,PT45S,hydro boost|skincare|beauty|neutrogena,skincare|hydroboost|neutrogena|beauty,0.4,This is my holy grail product now,2025-10-25T08:18:08.020708,mock
5ca665d2947,Hydro Boost Skincare Routine #3 - Dermatologist Approved,My hydro boost routine that cleared my skin! #skincare #hydroboost #neutrogena,channel_6554,ClearSkinJourney,2025-08-10T08:18:08.020712,328947,15469,497,4.85,304465,True,PT45S,hydro boost|skincare|beauty|neutrogena,skincare|hydroboost|neutrogena|beauty,0.1,Tried this after seeing your video - game changer!,2025-10-25T08:18:08.020715,mock
d048e7812a4,Hydro Boost Skincare Routine #4 - Dermatologist Approved,My hydro boost routine that cleared my skin! #skincare #hydroboost #neutrogena,channel_4727,GlowingSkinTips,2025-10-14T08:18:08.020720,297072,21715,1194,7.71,490501,True,PT45S,hydro boost|skincare|beauty|neutrogena,skincare|hydroboost|neutrogena|beauty,0.5,This is my holy grail product now,2025-10-25T08:18:08.020722,mock
50de535db09,Hydro Boost Skincare Routine #5 - Dermatologist Approved,My hydro boost routine that cleared my skin! #skincare #hydroboost #neutrogena,channel_1613,DermatologyExperts,2025-10-19T08:18:08.020729,289218,14083,1436,5.37,222784,True,PT45S,hydro boost|skincare|beauty|neutrogena,skincare|hydroboost|neutrogena|beauty,0.3,Where can I buy this?,2025-10-25T08:18:08.020732,mock
772a8542674,Hydro Boost Skincare Routine #6 - Dermatologist Approved,My hydro boost routine that cleared my skin! #skincare #hydroboost #neutrogena,channel_9378,BeautyRoutineDaily,2025-07-28T08:18:08.020736,256490,12663,912,5.29,211129,True,PT45S,hydro boost|skincare|beauty|neutrogena,skincare|hydroboost|neutrogena|beauty,0.3,This is my holy grail product now,2025-10-25T08:18:08.020739,mock
768c2afbf70,Hydro Boost Skincare Routine #7 - Dermatologist Approved,My hydro boost routine that cleared my skin! #skincare #hydroboost #neutrogena,channel_9065,BeautyRoutineDaily,2025-09-12T08:18:08.020743,225430,12794,362,5.84,268821,True,PT45S,hydro boost|skincare|beauty|neutrogena,skincare|hydroboost|neutrogena|beauty,0.3,Tried this after seeing your video - game changer!,2025-10-25T08:18:08.020746,mock
4c6a128a4f8,Hydro Boost Skincare Routine #8 - Dermatologist Approved,My hydro boost routine that cleared my skin! #skincare #hydroboost #neutrogena,channel_3283,GlowingSkinTips,2025-10-23T08:18:08.020750,335257,11208,1186,3.7,415763,True,PT45S,hydro boost|skincare|beauty|neutrogena,skincare|hydroboost|neutrogena|beauty,0.4,Where can I buy this?,2025-10-25T08:18:08.020753,mock
bcbb1d6d585,Hydro Boost Skincare Routine #9 - Dermatologist Approved,My hydro boost routine that cleared my skin! #skincare #hydroboost #neutrogena,channel_1642,DermatologyExperts,2025-08-13T08:18:08.020760,240286,14175,982,6.31,116112,True,PT45S,hydro boost|skincare|beauty|neutrogena,skincare|hydroboost|neutrogena|beauty,0.4,Been using this for 2 weeks and already seeing results,2025-10-25T08:18:08.020858,mock
dfcb5857366,Hydro Boost Skincare Routine #10 - Dermatologist Approved,My hydro boost routine that cleared my skin! #skincare #hydroboost #neutrogena,channel_6388,SkincareByCassandra,2025-08-23T08:18:08.020873,307410,17408,884,5.95,324411,True,PT45S,hydro boost|skincare|beauty|neutrogena,skincare|hydroboost|neutrogena|beauty,0.1,This product changed my skin! So glad I tried it,2025-10-25T08:18:08.020880,mock
4939282e86b,Hydro Boost Skincare Routine #11 - Dermatologist Approved,My hydro boost routine that cleared my skin! #skincare #hydroboost #neutrogena,channel_1699,GlowingSkinTips,2025-10-08T08:18:08.020886,324759,25546,1283,8.26,363441,True,PT45S,hydro boost|skincare|beauty|neutrogena,skincare|hydroboost|neutrogena|beauty,0.5,This product changed my skin! So glad I tried it,2025-10-25T08:18:08.020890,mock
c18299f3439,Hydro Boost Skincare Routine #12 - Dermatologist Approved,My hydro boost routine that cleared my skin! #skincare #hydroboost #neutrogena,channel_4857,DermatologyExperts,2025-10-08T08:18:08.020894,314509,13348,976,4.55,87007,True,PT45S,hydro boost|skincare|beauty|neutrogena,skincare|hydroboost|neutrogena|beauty,0.6,This is my holy grail product now,2025-10-25T08:18:08.020898,mock
30574910e1c,Hydro Boost Skincare Routine #13 - Dermatologist Approved,My hydro boost routine that cleared my skin! #skincare #hydroboost #neutrogena,channel_5278,SkincareByCassandra,2025-09-28T08:18:08.020904,257486,16864,1278,7.05,225615,True,PT45S,hydro boost|skincare|beauty|neutrogena,skincare|hydroboost|neutrogena|beauty,0.5,Finally found something that works for my sensitive skin,2025-10-25T08:18:08.020907,mock
08c33c265fb,Hydro Boost Skincare Routine #14 - Dermatologist Approved,My hydro boost routine that cleared my skin! #skincare #hydroboost #neutrogena,channel_7726,SkincareByCassandra,2025-10-24T08:18:08.020914,220287,13110,255,6.07,187659,True,PT45S,hydro boost|skincare|beauty|neutrogena,skincare|hydroboost|neutrogena|beauty,0.3,My dermatologist recommended this and it works!,2025-10-25T08:18:08.020917,mock
fbc3cc20554,Hydro Boost Skincare Routine #15 - Dermatologist Approved,My hydro boost routine that cleared my skin! #skincare #hydroboost #neutrogena,channel_3825,ClearSkinJourney,2025-09-11T08:18:08.020921,341215,24538,1631,7.67,407649,True,PT45S,hydro boost|skincare|beauty|neutrogena,skincare|hydroboost|neutrogena|beauty,0.5,My dermatologist recommended this and it works!,2025-10-25T08:18:08.020925,mock
48e04df83b9,Hydro Boost Skincare Routine #16 - Dermatologist Approved,My hydro boost routine that cleared my skin! #skincare #hydroboost #neutrogena,channel_8969,ClearSkinJourney,2025-08-31T08:18:08.020929,290476,22485,1390,8.22,108572,True,PT45S,hydro boost|skincare|beauty|neutrogena,skincare|hydroboost|neutrogena|beauty,0.4,Been using this for 2 weeks and already seeing results,2025-10-25T08:18:08.020932,mock
5b3d78e468e,Hydro Boost Skincare Routine #17 - Dermatologist Approved,My hydro boost routine that cleared my skin! #skincare #hydroboost #neutrogena,channel_7247,SkincareByCassandra,2025-09-14T08:18:08.020937,288168,9602,746,3.59,133131,True,PT45S,hydro boost|skincare|beauty|neutrogena,skincare|hydroboost|neutrogena|beauty,0.3,How long did it take to see results?,2025-10-25T08:18:08.020940,mock
4c662b34b3b,Hydro Boost Skincare Routine #18 - Dermatologist Approved,My hydro boost routine that cleared my skin! #skincare #hydroboost #neutrogena,channel_4405,GlowingSkinTips,2025-10-05T08:18:08.020944,201364,7252,692,3.95,196668,True,PT45S,hydro boost|skincare|beauty|neutrogena,skincare|hydroboost|neutrogena|beauty,0.5,This is my holy grail product now,2025-10-25T08:18:08.020947,mock
2192adb0236,Hydro Boost Skincare Routine #19 - Dermatologist Approved,My hydro boost routine that cleared my skin! #skincare #hydroboost #neutrogena,channel_3982,BeautyRoutineDaily,2025-07-28T08:18:08.020951,257198,15011,314,5.96,121357,True,PT45S,hydro boost|skincare|beauty|neutrogena,skincare|hydroboost|neutrogena|beauty,0.4,How long did it take to see results?,2025-10-25T08:18:08.020954,mock
51537c28783,Hydro Boost Skincare Routine #20 - Dermatologist Approved,My hydro boost routine that cleared my skin! #skincare #hydroboost #neutrogena,channel_4190,BeautyRoutineDaily,2025-10-23T08:18:08.020959,232170,12627,461,5.64,425467,True,PT45S,hydro boost|skincare|beauty|neutrogena,skincare|hydroboost|neutrogena|beauty,0.5,Tried this after seeing your video - game changer!,2025-10-25T08:18:08.020962,mock
074f771fac2,Hydro Boost Skincare Routine #21 - Dermatologist Approved,My hydro boost routine that cleared my skin! #skincare #hydroboost #neutrogena,channel_5571,ClearSkinJourney,2025-09-18T08:18:08.020966,299742,23551,1099,8.22,399677,True,PT45S,hydro boost|skincare|beauty|neutrogena,skincare|hydroboost|neutrogena|beauty,0.4,This product changed my skin! So glad I tried it,2025-10-25T08:18:08.020969,mock
09babdb49f1,Hydro Boost Skincare Routine #22 - Dermatologist Approved,My hydro boost routine that cleared my skin! #skincare #hydroboost #neutrogena,channel_3793,BeautyRoutineDaily,2025-08-27T08:18:08.020973,210392,12483,438,6.14,240979,True,PT45S,hydro boost|skincare|beauty|neutrogena,skincare|hydroboost|neutrogena|beauty,0.7,This is my holy grail product now,2025-10-25T08:18:08.020976,mock
7eea28b37f7,Hydro Boost Skincare Routine #23 - Dermatologist Approved,My hydro boost routine that cleared my skin! #skincare #hydroboost #neutrogena,channel_4988,DermatologyExperts,2025-08-04T08:18:08.020980,275430,20492,1118,7.85,25192,True,PT45S,hydro boost|skincare|beauty|neutrogena,skincare|hydroboost|neutrogena|beauty,0.2,Does this work for oily skin?,2025-10-25T08:18:08.020988,mock
b0cf6c4dd28,Hydro Boost Skincare Routine #24 - Dermatologist Approved,My hydro boost routine that cleared my skin! #skincare #hydroboost #neutrogena,channel_3718,BeautyRoutineDaily,2025-09-07T08:18:08.020992,220425,13943,570,6.58,351786,True,PT45S,hydro boost|skincare|beauty|neutrogena,skincare|hydroboost|neutrogena|beauty,0.4,Finally found something that works for my sensitive skin,2025-10-25T08:18:08.020995,mock
8f6027b5c88,Hydro Boost Skincare Routine #25 - Dermatologist Approved,My hydro boost routine that cleared my skin! #skincare #hydroboost #neutrogena,channel_5016,GlowingSkinTips,2025-09-15T08:18:08.020999,325353,18913,1119,6.16,301373,True,PT45S,hydro boost|skincare|beauty|neutrogena,skincare|hydroboost|neutrogena|beauty,0.4,Where can I buy this?,2025-10-25T08:18:08.021002,mock
91a226f287b,Cerave Skincare Routine #1 - Dermatologist Approved,My CeraVe routine that cleared my skin! #skincare #CeraVe #neutrogena,channel_4797,BeautyRoutineDaily,2025-09-08T08:18:08.021153,128952,4569,436,3.88,411249,True,PT45S,CeraVe|skincare|beauty|neutrogena,skincare|CeraVe|neutrogena|beauty,0.4,Tried this after seeing your video - game changer!,2025-10-25T08:18:08.021159,mock
e68df1303e3,Cerave Skincare Routine #2 - Dermatologist Approved,My CeraVe routine that cleared my skin! #skincare #CeraVe #neutrogena,channel_7866,ClearSkinJourney,2025-09-11T08:18:08.021166,150947,10282,244,6.97,287696,True,PT45S,CeraVe|skincare|beauty|neutrogena,skincare|CeraVe|neutrogena|beauty,0.5,This is my holy grail product now,2025-10-25T08:18:08.021170,mock
8dc05f54090,Cerave Skincare Routine #3 - Dermatologist Approved,My CeraVe routine that cleared my skin! #skincare #CeraVe #neutrogena,channel_1147,ClearSkinJourney,2025-08-22T08:18:08.021178,112253,8257,493,7.79,459749,True,PT45S,CeraVe|skincare|beauty|neutrogena,skincare|CeraVe|neutrogena|beauty,0.3,Love this! The price point is amazing too,2025-10-25T08:18:08.021181,mock
fae8693787a,Cerave Skincare Routine #4 - Dermatologist Approved,My CeraVe routine that cleared my skin! #skincare #CeraVe #neutrogena,channel_9003,SkincareByCassandra,2025-08-17T08:18:08.021185,113070,6098,290,5.65,150173,True,PT45S,CeraVe|skincare|beauty|neutrogena,skincare|CeraVe|neutrogena|beauty,0.7,Love this! The price point is amazing too,2025-10-25T08:18:08.021188,mock
53e02e67a4a,Cerave Skincare Routine #5 - Dermatologist Approved,My CeraVe routine that cleared my skin! #skincare #CeraVe #neutrogena,channel_2078,BeautyRoutineDaily,2025-08-28T08:18:08.021195,71134,5370,171,7.79,307588,True,PT45S,CeraVe|skincare|beauty|neutrogena,skincare|CeraVe|neutrogena|beauty,0.5,Finally found something that works for my sensitive skin,2025-10-25T08:18:08.021198,mock
17283125c13,Cerave Skincare Routine #6 - Dermatologist Approved,My CeraVe routine that cleared my skin! #skincare #CeraVe #neutrogena,channel_6295,DermatologyExperts,2025-10-24T08:18:08.021205,187196,6101,578,3.57,119222,True,PT45S,CeraVe|skincare|beauty|neutrogena,skincare|CeraVe|neutrogena|beauty,0.2,Tried this after seeing your video - game changer!,2025-10-25T08:18:08.021208,mock
8eea47f99a6,Cerave Skincare Routine #7 - Dermatologist Approved,My CeraVe routine that cleared my skin! #skincare #CeraVe #neutrogena,channel_4226,ClearSkinJourney,2025-10-20T08:18:08.021212,150081,11316,471,7.85,411520,True,PT45S,CeraVe|skincare|beauty|neutrogena,skincare|CeraVe|neutrogena|beauty,0.3,Does this work for oily skin?,2025-10-25T08:18:08.021215,mock
b9246151e07,Cerave Skincare Routine #8 - Dermatologist Approved,My CeraVe routine that cleared my skin! #skincare #CeraVe #neutrogena,channel_8864,SkincareByCassandra,2025-10-03T08:18:08.021219,130919,4056,603,3.56,483816,True,PT45S,CeraVe|skincare|beauty|neutrogena,skincare|CeraVe|neutrogena|beauty,0.4,Tried this after seeing your video - game changer!,2025-10-25T08:18:08.021224,mock
cc328282c8e,Cerave Skincare Routine #9 - Dermatologist Approved,My CeraVe routine that cleared my skin! #skincare #CeraVe #neutrogena,channel_5309,BeautyRoutineDaily,2025-10-07T08:18:08.021229,59268,4435,110,7.67,94858,True,PT45S,CeraVe|skincare|beauty|neutrogena,skincare|CeraVe|neutrogena|beauty,0.3,This product changed my skin! So glad I tried it,2025-10-25T08:18:08.021232,mock
3addf023025,Cerave Skincare Routine #10 - Dermatologist Approved,My CeraVe routine that cleared my skin! #skincare #CeraVe #neutrogena,channel_1031,BeautyRoutineDaily,2025-08-04T08:18:08.021236,133065,8099,210,6.24,414901,True,PT45S,CeraVe|skincare|beauty|neutrogena,skincare|CeraVe|neutrogena|beauty,0.5,My dermatologist recommended this and it works!,2025-10-25T08:18:08.021239,mock
6c0141ad36c,Cerave Skincare Routine #11 - Dermatologist Approved,My CeraVe routine that cleared my skin! #skincare #CeraVe #neutrogena,channel_3975,ClearSkinJourney,2025-09-24T08:18:08.021243,159596,9358,221,6.0,65116,True,PT45S,CeraVe|skincare|beauty|neutrogena,skincare|CeraVe|neutrogena|beauty,0.4,Been using this for 2 weeks and already seeing results,2025-10-25T08:18:08.021246,mock
6273bba57dc,Cerave Skincare Routine #12 - Dermatologist Approved,My CeraVe routine that cleared my skin! #skincare #CeraVe #neutrogena,channel_7802,BeautyRoutineDaily,2025-10-03T08:18:08.021251,193454,7034,388,3.84,325921,True,PT45S,CeraVe|skincare|beauty|neutrogena,skincare|CeraVe|neutrogena|beauty,0.6,Tried this after seeing your video - game changer!,2025-10-25T08:18:08.021254,mock
6278484dbb5,Cerave Skincare Routine #13 - Dermatologist Approved,My CeraVe routine that cleared my skin! #skincare #CeraVe #neutrogena,channel_8998,DermatologyExperts,2025-10-05T08:18:08.021258,58583,3303,288,6.13,139285,True,PT45S,CeraVe|skincare|beauty|neutrogena,skincare|CeraVe|neutrogena|beauty,0.6,Finally found something that works for my sensitive skin,2025-10-25T08:18:08.021261,mock
3dad15e5c82,Cerave Skincare Routine #14 - Dermatologist Approved,My CeraVe routine that cleared my skin! #skincare #CeraVe #neutrogena,channel_8450,SkincareByCassandra,2025-09-10T08:18:08.021265,90485,5425,111,6.12,218752,True,PT45S,CeraVe|skincare|beauty|neutrogena,skincare|CeraVe|neutrogena|beauty,0.1,Been using this for 2 weeks and already seeing results,2025-10-25T08:18:08.021268,mock
3dee1000d72,Cerave Skincare Routine #15 - Dermatologist Approved,My CeraVe routine that cleared my skin! #skincare #CeraVe #neutrogena,channel_3784,SkincareByCassandra,2025-08-17T08:18:08.021273,59768,1968,214,3.65,63736,True,PT45S,CeraVe|skincare|beauty|neutrogena,skincare|CeraVe|neutrogena|beauty,0.3,Tried this after seeing your video - game changer!,2025-10-25T08:18:08.021276,mock
93519894ae4,Cerave Skincare Routine #16 - Dermatologist Approved,My CeraVe routine that cleared my skin! #skincare #CeraVe #neutrogena,channel_3923,BeautyRoutineDaily,2025-09-10T08:18:08.021280,75620,5375,125,7.27,331523,True,PT45S,CeraVe|skincare|beauty|neutrogena,skincare|CeraVe|neutrogena|beauty,0.4,Finally found something that works for my sensitive skin,2025-10-25T08:18:08.021283,mock
2d97ae8e828,Cerave Skincare Routine #17 - Dermatologist Approved,My CeraVe routine that cleared my skin! #skincare #CeraVe #neutrogena,channel_4477,SkincareByCassandra,2025-09-15T08:18:08.021286,147879,8593,456,6.12,270247,True,PT45S,CeraVe|skincare|beauty|neutrogena,skincare|CeraVe|neutrogena|beauty,0.3,Love this! The price point is amazing too,2025-10-25T08:18:08.021289,mock
5980c214910,Cerave Skincare Routine #18 - Dermatologist Approved,My CeraVe routine that cleared my skin! #skincare #CeraVe #neutrogena,channel_1822,GlowingSkinTips,2025-07-30T08:18:08.021293,82447,2562,188,3.34,176292,True,PT45S,CeraVe|skincare|beauty|neutrogena,skincare|CeraVe|neutrogena|beauty,0.6,Love this! The price point is amazing too,2025-10-25T08:18:08.021296,mock
99f502c6997,Cerave Skincare Routine #19 - Dermatologist Approved,My CeraVe routine that cleared my skin! #skincare #CeraVe #neutrogena,channel_4775,ClearSkinJourney,2025-08-07T08:18:08.021303,122988,5217,182,4.39,118116,True,PT45S,CeraVe|skincare|beauty|neutrogena,skincare|CeraVe|neutrogena|beauty,0.6,This is my holy grail product now,2025-10-25T08:18:08.021306,mock
b80c5a178e1,Cerave Skincare Routine #20 - Dermatologist Approved,My CeraVe routine that cleared my skin! #skincare #CeraVe #neutrogena,channel_6419,DermatologyExperts,2025-08-02T08:18:08.021310,159329,9696,651,6.49,151957,True,PT45S,CeraVe|skincare|beauty|neutrogena,skincare|CeraVe|neutrogena|beauty,0.4,Been using this for 2 weeks and already seeing results,2025-10-25T08:18:08.021313,mock
87af4ec1617,Cerave Skincare Routine #21 - Dermatologist Approved,My CeraVe routine that cleared my skin! #skincare #CeraVe #neutrogena,channel_2950,GlowingSkinTips,2025-10-05T08:18:08.021317,155415,11844,674,8.05,222207,True,PT45S,CeraVe|skincare|beauty|neutrogena,skincare|CeraVe|neutrogena|beauty,0.1,Been using this for 2 weeks and already seeing results,2025-10-25T08:18:08.021320,mock
a0ecc4750e8,Cerave Skincare Routine #22 - Dermatologist Approved,My CeraVe routine that cleared my skin! #skincare #CeraVe #neutrogena,channel_6425,ClearSkinJourney,2025-10-02T08:18:08.021324,178021,5775,531,3.54,111613,True,PT45S,CeraVe|skincare|beauty|neutrogena,skincare|CeraVe|neutrogena|beauty,0.6,My dermatologist recommended this and it works!,2025-10-25T08:18:08.021327,mock
0ed5da461b3,Cerave Skincare Routine #23 - Dermatologist Approved,My CeraVe routine that cleared my skin! #skincare #CeraVe #neutrogena,channel_2345,GlowingSkinTips,2025-09-21T08:18:08.021332,161569,8169,769,5.53,106025,True,PT45S,CeraVe|skincare|beauty|neutrogena,skincare|CeraVe|neutrogena|beauty,0.5,This product changed my skin! So glad I tried it,2025-10-25T08:18:08.021335,mock
bb00db9a1c0,Cerave Skincare Routine #24 - Dermatologist Approved,My CeraVe routine that cleared my skin! #skincare #CeraVe #neutrogena,channel_5031,SkincareByCassandra,2025-09-11T08:18:08.021342,67379,5324,98,8.05,377859,True,PT45S,CeraVe|skincare|beauty|neutrogena,skincare|CeraVe|neutrogena|beauty,0.3,Tried this after seeing your video - game changer!,2025-10-25T08:18:08.021345,mock
88a06862cc1,Cerave Skincare Routine #25 - Dermatologist Approved,My CeraVe routine that cleared my skin! #skincare #CeraVe #neutrogena,channel_5876,ClearSkinJourney,2025-10-07T08:18:08.021351,178596,12528,353,7.21,25521,True,PT45S,CeraVe|skincare|beauty|neutrogena,skincare|CeraVe|neutrogena|beauty,0.1,Been using this for 2 weeks and already seeing results,2025-10-25T08:18:08.021354,mock
2cb53ab8f0a,La Roche-Posay Skincare Routine #1 - Dermatologist Approved,My La Roche-Posay routine that cleared my skin! #skincare #LaRoche-Posay #neutrogena,channel_8463,GlowingSkinTips,2025-08-30T08:18:08.021361,140536,7510,329,5.58,105401,True,PT45S,La Roche-Posay|skincare|beauty|neutrogena,skincare|LaRoche-Posay|neutrogena|beauty,0.2,Does this work for oily skin?,2025-10-25T08:18:08.021376,mock
647a5a3b94f,La Roche-Posay Skincare Routine #2 - Dermatologist Approved,My La Roche-Posay routine that cleared my skin! #skincare #LaRoche-Posay #neutrogena,channel_7434,DermatologyExperts,2025-10-07T08:18:08.021381,134479,6718,242,5.18,494452,True,PT45S,La Roche-Posay|skincare|beauty|neutrogena,skincare|LaRoche-Posay|neutrogena|beauty,0.3,Tried this after seeing your video - game changer!,2025-10-25T08:18:08.021384,mock
6f12bb8ecea,La Roche-Posay Skincare Routine #3 - Dermatologist Approved,My La Roche-Posay routine that cleared my skin! #skincare #LaRoche-Posay #neutrogena,channel_5259,ClearSkinJourney,2025-10-19T08:18:08.021388,106996,4457,111,4.27,128689,True,PT45S,La Roche-Posay|skincare|beauty|neutrogena,skincare|LaRoche-Posay|neutrogena|beauty,0.3,Does this work for oily skin?,2025-10-25T08:18:08.021393,mock
1ce8b4e0bb1,La Roche-Posay Skincare Routine #4 - Dermatologist Approved,My La Roche-Posay routine that cleared my skin! #skincare #LaRoche-Posay #neutrogena,channel_3843,BeautyRoutineDaily,2025-08-25T08:18:08.021400,77973,2714,101,3.61,208342,True,PT45S,La Roche-Posay|skincare|beauty|neutrogena,skincare|LaRoche-Posay|neutrogena|beauty,0.7,This is my holy grail product now,2025-10-25T08:18:08.021403,mock
f066de8ef9c,La Roche-Posay Skincare Routine #5 - Dermatologist Approved,My La Roche-Posay routine that cleared my skin! #skincare #LaRoche-Posay #neutrogena,channel_9777,GlowingSkinTips,2025-08-05T08:18:08.021407,70681,4278,144,6.26,348594,True,PT45S,La Roche-Posay|skincare|beauty|neutrogena,skincare|LaRoche-Posay|neutrogena|beauty,0.3,Does this work for oily skin?,2025-10-25T08:18:08.021410,mock
a4a3623c32a,La Roche-Posay Skincare Routine #6 - Dermatologist Approved,My La Roche-Posay routine that cleared my skin! #skincare #LaRoche-Posay #neutrogena,channel_9382,DermatologyExperts,2025-09-19T08:18:08.021414,108121,7933,262,7.58,38674,True,PT45S,La Roche-Posay|skincare|beauty|neutrogena,skincare|LaRoche-Posay|neutrogena|beauty,0.6,My dermatologist recommended this and it works!,2025-10-25T08:18:08.021417,mock
486f04b6cb5,La Roche-Posay Skincare Routine #7 - Dermatologist Approved,My La Roche-Posay routine that cleared my skin! #skincare #LaRoche-Posay #neutrogena,channel_4030,GlowingSkinTips,2025-10-09T08:18:08.021422,143198,7988,582,5.98,172314,True,PT45S,La Roche-Posay|skincare|beauty|neutrogena,skincare|LaRoche-Posay|neutrogena|beauty,0.4,Finally found something that works for my sensitive skin,2025-10-25T08:18:08.021424,mock
3412588e2c2,La Roche-Posay Skincare Routine #8 - Dermatologist Approved,My La Roche-Posay routine that cleared my skin! #skincare #LaRoche-Posay #neutrogena,channel_4368,SkincareByCassandra,2025-10-10T08:18:08.021429,142499,5167,157,3.74,154376,True,PT45S,La Roche-Posay|skincare|beauty|neutrogena,skincare|LaRoche-Posay|neutrogena|beauty,0.2,Been using this for 2 weeks and already seeing results,2025-10-25T08:18:08.021432,mock
ac4885f3b4c,La Roche-Posay Skincare Routine #9 - Dermatologist Approved,My La Roche-Posay routine that cleared my skin! #skincare #LaRoche-Posay #neutrogena,channel_2450,ClearSkinJourney,2025-10-16T08:18:08.021436,167260,9667,587,6.13,426705,True,PT45S,La Roche-Posay|skincare|beauty|neutrogena,skincare|LaRoche-Posay|neutrogena|beauty,0.3,Does this work for oily skin?,2025-10-25T08:18:08.021439,mock
ade8416fedf,La Roche-Posay Skincare Routine #10 - Dermatologist Approved,My La Roche-Posay routine that cleared my skin! #skincare #LaRoche-Posay #neutrogena,channel_2563,SkincareByCassandra,2025-10-20T08:18:08.021443,174057,12148,761,7.42,432322,True,PT45S,La Roche-Posay|skincare|beauty|neutrogena,skincare|LaRoche-Posay|neutrogena|beauty,0.5,Been using this for 2 weeks and already seeing results,2025-10-25T08:18:08.021446,mock
e73efcac333,La Roche-Posay Skincare Routine #11 - Dermatologist Approved,My La Roche-Posay routine that cleared my skin! #skincare #LaRoche-Posay #neutrogena,channel_7641,DermatologyExperts,2025-09-06T08:18:08.021450,194264,7952,854,4.53,50017,True,PT45S,La Roche-Posay|skincare|beauty|neutrogena,skincare|LaRoche-Posay|neutrogena|beauty,0.3,Been using this for 2 weeks and already seeing results,2025-10-25T08:18:08.021453,mock
ad1bb5a82f5,La Roche-Posay Skincare Routine #12 - Dermatologist Approved,My La Roche-Posay routine that cleared my skin! #skincare #LaRoche-Posay #neutrogena,channel_8612,SkincareByCassandra,2025-08-11T08:18:08.021457,127869,5198,130,4.17,297573,True,PT45S,La Roche-Posay|skincare|beauty|neutrogena,skincare|LaRoche-Posay|neutrogena|beauty,0.6,This product changed my skin! So glad I tried it,2025-10-25T08:18:08.021460,mock
df272210879,La Roche-Posay Skincare Routine #13 - Dermatologist Approved,My La Roche-Posay routine that cleared my skin! #skincare #LaRoche-Posay #neutrogena,channel_7576,ClearSkinJourney,2025-10-13T08:18:08.021465,99584,6885,458,7.37,122255,True,PT45S,La Roche-Posay|skincare|beauty|neutrogena,skincare|LaRoche-Posay|neutrogena|beauty,0.5,Where can I buy this?,2025-10-25T08:18:08.021470,mock
5d481e480b7,La Roche-Posay Skincare Routine #14 - Dermatologist Approved,My La Roche-Posay routine that cleared my skin! #skincare #LaRoche-Posay #neutrogena,channel_7268,SkincareByCassandra,2025-09-22T08:18:08.021474,64067,2837,290,4.88,440429,True,PT45S,La Roche-Posay|skincare|beauty|neutrogena,skincare|LaRoche-Posay|neutrogena|beauty,0.5,This product changed my skin! So glad I tried it,2025-10-25T08:18:08.021477,mock
4ef49881fbb,La Roche-Posay Skincare Routine #15 - Dermatologist Approved,My La Roche-Posay routine that cleared my skin! #skincare #LaRoche-Posay #neutrogena,channel_2157,GlowingSkinTips,2025-08-30T08:18:08.021481,52838,2895,200,5.86,44475,True,PT45S,La Roche-Posay|skincare|beauty|neutrogena,skincare|LaRoche-Posay|neutrogena|beauty,0.2,Where can I buy this?,2025-10-25T08:18:08.021484,mock
eeb7a07fd08,La Roche-Posay Skincare Routine #16 - Dermatologist Approved,My La Roche-Posay routine that cleared my skin! #skincare #LaRoche-Posay #neutrogena,channel_9484,SkincareByCassandra,2025-10-13T08:18:08.021488,86672,6192,413,7.62,438129,True,PT45S,La Roche-Posay|skincare|beauty|neutrogena,skincare|LaRoche-Posay|neutrogena|beauty,0.5,Where can I buy this?,2025-10-25T08:18:08.021491,mock
b52dc4bf7f4,La Roche-Posay Skincare Routine #17 - Dermatologist Approved,My La Roche-Posay routine that cleared my skin! #skincare #LaRoche-Posay #neutrogena,channel_8980,ClearSkinJourney,2025-08-26T08:18:08.021501,91439,6929,247,7.85,18545,True,PT45S,La Roche-Posay|skincare|beauty|neutrogena,skincare|LaRoche-Posay|neutrogena|beauty,0.6,Finally found something that works for my sensitive skin,2025-10-25T08:18:08.021509,mock
06630674c87,La Roche-Posay Skincare Routine #18 - Dermatologist Approved,My La Roche-Posay routine that cleared my skin! #skincare #LaRoche-Posay #neutrogena,channel_5608,DermatologyExperts,2025-08-09T08:18:08.021513,187697,9248,341,5.11,463275,True,PT45S,La Roche-Posay|skincare|beauty|neutrogena,skincare|LaRoche-Posay|neutrogena|beauty,0.2,Does this work for oily skin?,2025-10-25T08:18:08.021516,mock
f1374978fd3,La Roche-Posay Skincare Routine #19 - Dermatologist Approved,My La Roche-Posay routine that cleared my skin! #skincare #LaRoche-Posay #neutrogena,channel_3883,BeautyRoutineDaily,2025-10-01T08:18:08.021520,124768,5609,568,4.95,136288,True,PT45S,La Roche-Posay|skincare|beauty|neutrogena,skincare|LaRoche-Posay|neutrogena|beauty,0.6,My dermatologist recommended this and it works!,2025-10-25T08:18:08.021523,mock
1cb9024f93b,La Roche-Posay Skincare Routine #20 - Dermatologist Approved,My La Roche-Posay routine that cleared my skin! #skincare #LaRoche-Posay #neutrogena,channel_5597,GlowingSkinTips,2025-08-20T08:18:08.021527,120748,7043,409,6.17,35555,True,PT45S,La Roche-Posay|skincare|beauty|neutrogena,skincare|LaRoche-Posay|neutrogena|beauty,0.4,Love this! The price point is amazing too,2025-10-25T08:18:08.021531,mock
4148c72b450,La Roche-Posay Skincare Routine #21 - Dermatologist Approved,My La Roche-Posay routine that cleared my skin! #skincare #LaRoche-Posay #neutrogena,channel_3002,BeautyRoutineDaily,2025-07-29T08:18:08.021537,89634,3095,245,3.73,379314,True,PT45S,La Roche-Posay|skincare|beauty|neutrogena,skincare|LaRoche-Posay|neutrogena|beauty,0.2,This is my holy grail product now,2025-10-25T08:18:08.021540,mock
2cbb6b358ec,La Roche-Posay Skincare Routine #22 - Dermatologist Approved,My La Roche-Posay routine that cleared my skin! #skincare #LaRoche-Posay #neutrogena,channel_7239,DermatologyExperts,2025-10-07T08:18:08.021544,199402,14835,926,7.9,262775,True,PT45S,La Roche-Posay|skincare|beauty|neutrogena,skincare|LaRoche-Posay|neutrogena|beauty,0.5,This product changed my skin! So glad I tried it,2025-10-25T08:18:08.021549,mock
d3cfb61ed08,La Roche-Posay Skincare Routine #23 - Dermatologist Approved,My La Roche-Posay routine that cleared my skin! #skincare #LaRoche-Posay #neutrogena,channel_4818,ClearSkinJourney,2025-08-31T08:18:08.021554,118353,8723,353,7.67,480279,True,PT45S,La Roche-Posay|skincare|beauty|neutrogena,skincare|LaRoche-Posay|neutrogena|beauty,0.4,Does this work for oily skin?,2025-10-25T08:18:08.021557,mock
67b5cf66904,La Roche-Posay Skincare Routine #24 - Dermatologist Approved,My La Roche-Posay routine that cleared my skin! #skincare #LaRoche-Posay #neutrogena,channel_6911,DermatologyExperts,2025-09-13T08:18:08.021561,170163,11862,504,7.27,370176,True,PT45S,La Roche-Posay|skincare|beauty|neutrogena,skincare|LaRoche-Posay|neutrogena|beauty,0.4,This product changed my skin! So glad I tried it,2025-10-25T08:18:08.021564,mock
5da3032a741,La Roche-Posay Skincare Routine #25 - Dermatologist Approved,My La Roche-Posay routine that cleared my skin! #skincare #LaRoche-Posay #neutrogena,channel_9040,GlowingSkinTips,2025-10-14T08:18:08.021568,193131,13599,435,7.27,68509,True,PT45S,La Roche-Posay|skincare|beauty|neutrogena,skincare|LaRoche-Posay|neutrogena|beauty,0.3,Where can I buy this?,2025-10-25T08:18:08.021571,mock
60480417049,Cetaphil Skincare Routine #1 - Dermatologist Approved,My Cetaphil routine that cleared my skin! #skincare #Cetaphil #neutrogena,channel_4569,DermatologyExperts,2025-07-30T08:18:08.021577,81650,3453,143,4.4,316978,True,PT45S,Cetaphil|skincare|beauty|neutrogena,skincare|Cetaphil|neutrogena|beauty,0.3,This product changed my skin! So glad I tried it,2025-10-25T08:18:08.021581,mock
11fd41e7a38,Cetaphil Skincare Routine #2 - Dermatologist Approved,My Cetaphil routine that cleared my skin! #skincare #Cetaphil #neutrogena,channel_4363,DermatologyExperts,2025-10-22T08:18:08.021587,73764,3048,206,4.41,140316,True,PT45S,Cetaphil|skincare|beauty|neutrogena,skincare|Cetaphil|neutrogena|beauty,0.3,Does this work for oily skin?,2025-10-25T08:18:08.021590,mock
c9879570716,Cetaphil Skincare Routine #3 - Dermatologist Approved,My Cetaphil routine that cleared my skin! #skincare #Cetaphil #neutrogena,channel_8549,GlowingSkinTips,2025-08-11T08:18:08.021594,143119,6015,607,4.63,340203,True,PT45S,Cetaphil|skincare|beauty|neutrogena,skincare|Cetaphil|neutrogena|beauty,0.7,Love this! The price point is amazing too,2025-10-25T08:18:08.021598,mock
e2ae5e45f1d,Cetaphil Skincare Routine #4 - Dermatologist Approved,My Cetaphil routine that cleared my skin! #skincare #Cetaphil #neutrogena,channel_6019,ClearSkinJourney,2025-08-05T08:18:08.021602,121247,9131,530,7.97,300291,True,PT45S,Cetaphil|skincare|beauty|neutrogena,skincare|Cetaphil|neutrogena|beauty,0.5,Where can I buy this?,2025-10-25T08:18:08.021605,mock
376d4dfcc2f,Cetaphil Skincare Routine #5 - Dermatologist Approved,My Cetaphil routine that cleared my skin! #skincare #Cetaphil #neutrogena,channel_3280,BeautyRoutineDaily,2025-09-04T08:18:08.021610,141288,10055,412,7.41,150940,True,PT45S,Cetaphil|skincare|beauty|neutrogena,skincare|Cetaphil|neutrogena|beauty,0.6,Finally found something that works for my sensitive skin,2025-10-25T08:18:08.021612,mock
4cb33706603,Cetaphil Skincare Routine #6 - Dermatologist Approved,My Cetaphil routine that cleared my skin! #skincare #Cetaphil #neutrogena,channel_5008,SkincareByCassandra,2025-08-04T08:18:08.021617,151447,11235,640,7.84,32529,True,PT45S,Cetaphil|skincare|beauty|neutrogena,skincare|Cetaphil|neutrogena|beauty,0.5,Tried this after seeing your video - game changer!,2025-10-25T08:18:08.021620,mock
014486f7ac2,Cetaphil Skincare Routine #7 - Dermatologist Approved,My Cetaphil routine that cleared my skin! #skincare #Cetaphil #neutrogena,channel_6726,BeautyRoutineDaily,2025-08-17T08:18:08.021626,131768,7626,251,5.98,16137,True,PT45S,Cetaphil|skincare|beauty|neutrogena,skincare|Cetaphil|neutrogena|beauty,0.4,Tried this after seeing your video - game changer!,2025-10-25T08:18:08.021629,mock
8b73103b327,Cetaphil Skincare Routine #8 - Dermatologist Approved,My Cetaphil routine that cleared my skin! #skincare #Cetaphil #neutrogena,channel_1448,SkincareByCassandra,2025-10-15T08:18:08.021633,118275,4346,534,4.13,302116,True,PT45S,Cetaphil|skincare|beauty|neutrogena,skincare|Cetaphil|neutrogena|beauty,0.6,Finally found something that works for my sensitive skin,2025-10-25T08:18:08.021636,mock
6f12027001d,Cetaphil Skincare Routine #9 - Dermatologist Approved,My Cetaphil routine that cleared my skin! #skincare #Cetaphil #neutrogena,channel_6178,ClearSkinJourney,2025-07-29T08:18:08.021640,62431,4734,185,7.88,172456,True,PT45S,Cetaphil|skincare|beauty|neutrogena,skincare|Cetaphil|neutrogena|beauty,0.5,Tried this after seeing your video - game changer!,2025-10-25T08:18:08.021643,mock
a8572f0930d,Cetaphil Skincare Routine #10 - Dermatologist Approved,My Cetaphil routine that cleared my skin! #skincare #Cetaphil #neutrogena,channel_5393,BeautyRoutineDaily,2025-09-16T08:18:08.021647,185451,9667,195,5.32,366235,True,PT45S,Cetaphil|skincare|beauty|neutrogena,skincare|Cetaphil|neutrogena|beauty,0.4,Been using this for 2 weeks and already seeing results,2025-10-25T08:18:08.021652,mock
cab54504d7a,Cetaphil Skincare Routine #11 - Dermatologist Approved,My Cetaphil routine that cleared my skin! #skincare #Cetaphil #neutrogena,channel_8589,SkincareByCassandra,2025-09-25T08:18:08.021656,128983,9534,477,7.76,439471,True,PT45S,Cetaphil|skincare|beauty|neutrogena,skincare|Cetaphil|neutrogena|beauty,0.2,Does this work for oily skin?,2025-10-25T08:18:08.021660,mock
b15ad560903,Cetaphil Skincare Routine #12 - Dermatologist Approved,My Cetaphil routine that cleared my skin! #skincare #Cetaphil #neutrogena,channel_4871,SkincareByCassandra,2025-09-27T08:18:08.021666,185129,9818,602,5.63,385669,True,PT45S,Cetaphil|skincare|beauty|neutrogena,skincare|Cetaphil|neutrogena|beauty,0.6,My dermatologist recommended this and it works!,2025-10-25T08:18:08.021669,mock
89c22cb0d11,Cetaphil Skincare Routine #13 - Dermatologist Approved,My Cetaphil routine that cleared my skin! #skincare #Cetaphil #neutrogena,channel_7769,BeautyRoutineDaily,2025-09-18T08:18:08.021673,102840,4395,355,4.62,284624,True,PT45S,Cetaphil|skincare|beauty|neutrogena,skincare|Cetaphil|neutrogena|beauty,0.5,How long did it take to see results?,2025-10-25T08:18:08.021676,mock
5f7b221217d,Cetaphil Skincare Routine #14 - Dermatologist Approved,My Cetaphil routine that cleared my skin! #skincare #Cetaphil #neutrogena,channel_7538,GlowingSkinTips,2025-10-13T08:18:08.021680,64749,2381,207,4.0,303952,True,PT45S,Cetaphil|skincare|beauty|neutrogena,skincare|Cetaphil|neutrogena|beauty,0.4,Does this work for oily skin?,2025-10-25T08:18:08.021683,mock
cae15db2c4e,Cetaphil Skincare Routine #15 - Dermatologist Approved,My Cetaphil routine that cleared my skin! #skincare #Cetaphil #neutrogena,channel_4264,BeautyRoutineDaily,2025-09-29T08:18:08.021688,70716,3488,134,5.12,278648,True,PT45S,Cetaphil|skincare|beauty|neutrogena,skincare|Cetaphil|neutrogena|beauty,0.3,Tried this after seeing your video - game changer!,2025-10-25T08:18:08.021691,mock
32c82b5c656,Cetaphil Skincare Routine #16 - Dermatologist Approved,My Cetaphil routine that cleared my skin! #skincare #Cetaphil #neutrogena,channel_8849,GlowingSkinTips,2025-08-25T08:18:08.021695,183709,6896,455,4.0,495906,True,PT45S,Cetaphil|skincare|beauty|neutrogena,skincare|Cetaphil|neutrogena|beauty,0.6,This is my holy grail product now,2025-10-25T08:18:08.021698,mock
a1571f78b91,Cetaphil Skincare Routine #17 - Dermatologist Approved,My Cetaphil routine that cleared my skin! #skincare #Cetaphil #neutrogena,channel_2198,SkincareByCassandra,2025-09-10T08:18:08.021702,73928,5522,171,7.7,98608,True,PT45S,Cetaphil|skincare|beauty|neutrogena,skincare|Cetaphil|neutrogena|beauty,0.5,My dermatologist recommended this and it works!,2025-10-25T08:18:08.021705,mock
bfaeab3a8d9,Cetaphil Skincare Routine #18 - Dermatologist Approved,My Cetaphil routine that cleared my skin! #skincare #Cetaphil #neutrogena,channel_5466,DermatologyExperts,2025-10-01T08:18:08.021711,133186,8487,191,6.52,418024,True,PT45S,Cetaphil|skincare|beauty|neutrogena,skincare|Cetaphil|neutrogena|beauty,0.4,Tried this after seeing your video - game changer!,2025-10-25T08:18:08.021716,mock
1e3e4c02b97,Cetaphil Skincare Routine #19 - Dermatologist Approved,My Cetaphil routine that cleared my skin! #skincare #Cetaphil #neutrogena,channel_3580,GlowingSkinTips,2025-10-19T08:18:08.021720,81515,2967,329,4.04,342396,True,PT45S,Cetaphil|skincare|beauty|neutrogena,skincare|Cetaphil|neutrogena|beauty,0.5,Finally found something that works for my sensitive skin,2025-10-25T08:18:08.021723,mock
e070e69b0ba,Cetaphil Skincare Routine #20 - Dermatologist Approved,My Cetaphil routine that cleared my skin! #skincare #Cetaphil #neutrogena,channel_2914,SkincareByCassandra,2025-10-16T08:18:08.021727,127525,5002,517,4.33,305781,True,PT45S,Cetaphil|skincare|beauty|neutrogena,skincare|Cetaphil|neutrogena|beauty,0.0,Been using this for 2 weeks and already seeing results,2025-10-25T08:18:08.021730,mock
a197f99a37d,Cetaphil Skincare Routine #21 - Dermatologist Approved,My Cetaphil routine that cleared my skin! #skincare #Cetaphil #neutrogena,channel_2582,GlowingSkinTips,2025-09-25T08:18:08.021734,175570,11791,378,6.93,257841,True,PT45S,Cetaphil|skincare|beauty|neutrogena,skincare|Cetaphil|neutrogena|beauty,0.4,Does this work for oily skin?,2025-10-25T08:18:08.021737,mock
195f457736e,Cetaphil Skincare Routine #22 - Dermatologist Approved,My Cetaphil routine that cleared my skin! #skincare #Cetaphil #neutrogena,channel_5042,ClearSkinJourney,2025-10-03T08:18:08.021741,171114,6549,701,4.24,359885,True,PT45S,Cetaphil|skincare|beauty|neutrogena,skincare|Cetaphil|neutrogena|beauty,0.3,Where can I buy this?,2025-10-25T08:18:08.021744,mock
b85369d879c,Cetaphil Skincare Routine #23 - Dermatologist Approved,My Cetaphil routine that cleared my skin! #skincare #Cetaphil #neutrogena,channel_1551,SkincareByCassandra,2025-08-23T08:18:08.021748,104857,5943,358,6.01,107169,True,PT45S,Cetaphil|skincare|beauty|neutrogena,skincare|Cetaphil|neutrogena|beauty,0.3,Love this! The price point is amazing too,2025-10-25T08:18:08.021751,mock
0701021766a,Cetaphil Skincare Routine #24 - Dermatologist Approved,My Cetaphil routine that cleared my skin! #skincare #Cetaphil #neutrogena,channel_3266,DermatologyExperts,2025-10-17T08:18:08.021755,186987,7832,462,4.44,436681,True,PT45S,Cetaphil|skincare|beauty|neutrogena,skincare|Cetaphil|neutrogena|beauty,0.4,Where can I buy this?,2025-10-25T08:18:08.021758,mock
5204947194b,Cetaphil Skincare Routine #25 - Dermatologist Approved,My Cetaphil routine that cleared my skin! #skincare #Cetaphil #neutrogena,channel_1288,SkincareByCassandra,2025-09-18T08:18:08.021762,176818,12188,603,7.23,22599,True,PT45S,Cetaphil|skincare|beauty|neutrogena,skincare|Cetaphil|neutrogena|beauty,0.3,This product changed my skin! So glad I tried it,2025-10-25T08:18:08.021765,mock
